Timestamp,User Count,Type,Name,Requests/s,Failures/s,50%,66%,75%,80%,90%,95%,98%,99%,99.9%,99.99%,100%,Total Request Count,Total Failure Count,Total Median Response Time,Total Average Response Time,Total Min Response Time,Total Max Response Time,Total Average Content Size
1781274139,0,,Aggregated,0.000000,0.000000,N/A,N/A,N/A,N/A,N/A,N/A,N/A,N/A,N/A,N/A,N/A,0,0,0,0.0,0,0,0
1781274140,500,,Aggregated,0.000000,0.000000,600,640,690,760,840,840,840,840,840,840,840,9,0,600,605.2846444427915,433.63639999734005,842.360099995858,1746.2222222222222
1781274141,1000,,Aggregated,0.000000,0.000000,1400,1500,1600,1700,1800,1800,1800,1800,1800,1800,1800,38,0,1400,1279.7680184209496,433.63639999734005,1840.551899993443,2579.657894736842
1781274142,2000,,Aggregated,0.000000,0.000000,1700,2000,2300,2400,2400,2500,2500,2500,2500,2500,2500,62,0,1700,1681.8842387094205,433.63639999734005,2541.4391000012984,2550.016129032258
1781274144,2500,,Aggregated,12.666667,0.000000,2400,3300,3600,3700,4200,4300,4300,4400,4400,4400,4400,106,0,2400,2548.703817924279,433.63639999734005,4359.005799997249,3733.1603773584907
1781274145,3000,,Aggregated,15.500000,0.000000,4200,4600,4700,4800,5300,5400,5400,5500,5500,5500,5500,184,0,4200,3546.682874999771,433.63639999734005,5510.68889999442,3993.8858695652175
1781274146,3500,,Aggregated,17.800000,0.000000,4700,5400,5700,5800,6200,6500,6700,6700,6800,6800,6800,286,0,4700,4362.306901748094,433.63639999734005,6763.333800001419,4151.881118881119
1781274147,4000,,Aggregated,26.000000,0.000000,5300,5800,6200,6500,6800,7400,7600,7600,7800,7800,7800,364,0,5300,4876.472449724964,433.63639999734005,7779.756300005829,4238.516483516483
1781274148,4500,,Aggregated,32.428571,0.000000,5700,6500,6900,7400,7900,8300,8500,8600,8800,8800,8800,447,0,5700,5440.687252124958,433.63639999734005,8754.64120000106,4252.941834451902
1781274149,5000,,Aggregated,38.500000,0.000000,5900,7300,7800,8100,8600,9200,9600,9600,9700,9700,9700,529,0,5900,5952.31407580308,433.63639999734005,9747.305500000948,4175.49527410208
1781274150,5500,,Aggregated,42.000000,0.000000,6500,7800,8400,8600,9500,9900,10000,10000,11000,11000,11000,602,0,6500,6411.421902657522,433.63639999734005,10710.650700006227,4163.6943521594685
1781274151,6000,,Aggregated,45.700000,0.000000,7100,8400,9200,9500,10000,11000,11000,11000,12000,12000,12000,686,0,7000,6909.162856850954,433.63639999734005,11772.372100000212,4169.807580174927
1781274152,6500,,Aggregated,53.200000,0.000000,7500,8700,9600,10000,11000,12000,12000,12000,13000,13000,13000,747,0,7500,7286.892255822986,433.63639999734005,12645.405700000993,4145.14859437751
1781274154,7000,,Aggregated,65.200000,0.000000,7900,9500,10000,11000,12000,13000,13000,13000,14000,14000,14000,833,0,7900,7817.266848859289,433.63639999734005,13919.969499998842,4095.082833133253
1781274155,7500,,Aggregated,68.600000,0.000000,8400,10000,11000,12000,13000,13000,14000,14000,15000,15000,15000,920,0,8400,8319.971361738899,433.63639999734005,14956.965199999104,4068.542391304348
1781274156,8000,,Aggregated,70.800000,0.000000,9000,11000,12000,13000,14000,14000,15000,15000,16000,16000,16000,1016,0,9000,8879.21428533442,433.63639999734005,16136.627400002908,4013.482283464567
1781274157,8500,,Aggregated,72.800000,0.000000,9400,11000,13000,13000,14000,15000,15000,16000,16000,17000,17000,1073,0,9400,9195.283590586929,433.63639999734005,16612.57380000461,4048.301025163094
1781274158,9000,,Aggregated,70.900000,0.000000,9700,12000,13000,14000,15000,16000,17000,17000,17000,18000,18000,1154,0,9700,9674.44871585768,433.63639999734005,17650.852999999188,4023.0407279029464
1781274159,9500,,Aggregated,74.300000,0.000000,10000,13000,14000,14000,16000,17000,17000,17000,18000,18000,18000,1228,0,10000,10088.160388273443,199.88030000240542,18408.369500000845,4030.35667752443
1781274160,10000,,Aggregated,74.100000,0.000000,10000,13000,14000,15000,17000,18000,18000,18000,19000,19000,19000,1293,0,10000,10487.489531477016,199.88030000240542,19219.00980000646,3974.9458623356536
1781274161,10000,,Aggregated,74.100000,0.000000,11000,14000,15000,16000,18000,19000,19000,19000,20000,20000,20000,1395,0,11000,11094.060930465794,199.88030000240542,20090.739100000064,3965.0924731182795
1781274162,10000,,Aggregated,69.600000,0.000000,12000,14000,16000,17000,18000,19000,20000,20000,21000,21000,21000,1490,0,12000,11591.92039248307,199.88030000240542,20893.41599999898,3930.6758389261745
1781274163,10000,,Aggregated,72.800000,0.000000,12000,15000,17000,18000,19000,20000,20000,21000,21000,22000,22000,1570,0,12000,12008.556006560359,199.88030000240542,21505.576700001257,3950.835031847134
1781274164,10000,,Aggregated,74.700000,0.000000,13000,16000,17000,18000,19000,20000,22000,22000,22000,23000,23000,1654,0,13000,12414.446339479911,199.88030000240542,22511.957200003962,3929.3972188633616
1781274165,10000,,Aggregated,77.400000,0.000000,13000,16000,18000,18000,20000,22000,22000,23000,23000,23000,23000,1738,0,13000,12834.617084292177,199.88030000240542,23382.38779999665,3939.865937859609
1781274166,10000,,Aggregated,80.200000,0.000000,13000,17000,18000,18000,20000,22000,23000,23000,24000,24000,24000,1782,0,13000,13077.180857631773,199.88030000240542,24399.95930000441,3972.0533108866443
1781274167,10000,,Aggregated,80.100000,0.000000,14000,17000,18000,19000,21000,22000,23000,24000,25000,25000,25000,1810,0,14000,13208.938552265094,199.88030000240542,25169.148599998152,3978.1546961325967
1781274168,10000,,Aggregated,80.200000,0.000000,14000,17000,18000,19000,22000,23000,25000,25000,26000,27000,27000,1877,0,14000,13564.565031752685,199.88030000240542,26576.95980000426,4002.96537027171
1781274169,10000,,Aggregated,75.400000,0.000000,14000,18000,19000,19000,22000,23000,25000,26000,28000,28000,28000,1911,0,14000,13775.095059445212,199.88030000240542,27573.595699999714,4001.7671376242806
1781274170,10000,,Aggregated,70.400000,0.000000,14000,18000,19000,20000,22000,24000,26000,27000,28000,28000,28000,1939,0,14000,13953.122168591955,199.88030000240542,27573.595699999714,3998.9314079422384
1781274171,10000,,Aggregated,68.700000,0.000000,15000,18000,19000,20000,23000,25000,28000,28000,29000,30000,30000,2008,0,15000,14390.375448007859,199.88030000240542,29521.838100001332,4016.3456175298807
1781274172,10000,,Aggregated,69.900000,0.000000,15000,18000,19000,21000,24000,27000,29000,30000,30000,31000,31000,2044,0,15000,14639.399524363878,199.88030000240542,30602.929600005154,4021.706947162427
1781274173,10000,,Aggregated,60.100000,0.000000,15000,18000,20000,21000,24000,27000,29000,30000,31000,31000,31000,2068,0,15000,14787.08035822039,199.88030000240542,30900.964100001147,4024.425531914894
1781274174,10000,,Aggregated,57.500000,0.000000,15000,18000,20000,21000,25000,27000,30000,30000,31000,32000,32000,2101,0,15000,14998.633551879933,199.88030000240542,31982.92020000372,4028.2879581151833
1781274175,10000,,Aggregated,52.400000,0.000000,15000,18000,20000,22000,25000,28000,30000,30000,33000,33000,33000,2113,0,15000,15083.754963606121,199.88030000240542,32924.99320000206,4038.2938949361096
1781274176,10000,,Aggregated,47.300000,0.000000,15000,18000,20000,22000,26000,28000,30000,32000,33000,33000,33000,2144,0,15000,15314.961236567044,199.88030000240542,33315.04850000056,4024.1534514925374
1781274178,10000,,Aggregated,37.500000,0.000000,15000,19000,20000,22000,26000,29000,32000,34000,35000,35000,35000,2172,0,15000,15547.29205294648,199.88030000240542,34840.028699996765,4036.8333333333335
1781274179,10000,,Aggregated,33.900000,0.000000,16000,19000,21000,22000,27000,30000,34000,35000,36000,36000,36000,2212,0,16000,15872.163231057753,199.88030000240542,35841.0348000034,4027.3670886075947
1781274180,10000,,Aggregated,34.600000,0.000000,16000,19000,21000,23000,28000,31000,35000,36000,37000,37000,37000,2232,0,16000,16043.392666039317,199.88030000240542,36915.03830000147,4027.4377240143367
1781274181,10000,,Aggregated,32.100000,0.000000,16000,19000,22000,23000,28000,32000,36000,36000,37000,38000,38000,2254,0,16000,16239.429917613019,199.88030000240542,37844.90309999819,4027.1109139307896
1781274182,10000,,Aggregated,29.700000,0.000000,16000,19000,22000,24000,29000,34000,37000,38000,39000,39000,39000,2296,0,16000,16629.647865809995,199.88030000240542,38873.91750000097,4017.9342334494772
1781274183,10000,,Aggregated,31.400000,0.000000,16000,19000,22000,24000,29000,34000,37000,38000,39000,40000,40000,2303,0,16000,16696.712320408053,199.88030000240542,39931.78639999678,4020.251411202779
1781274184,10000,,Aggregated,31.400000,0.000000,17000,20000,22000,25000,30000,35000,38000,39000,40000,41000,41000,2357,26,17000,17040.71359058114,199.88030000240542,40504.741299999296,3975.419601187951
1781274185,10000,,Aggregated,25.200000,0.000000,17000,20000,23000,25000,31000,36000,39000,40000,42000,42000,42000,2395,31,17000,17368.769188267117,199.88030000240542,41813.20499999856,3971.4388308977036
1781274186,10000,,Aggregated,28.500000,2.600000,18000,21000,25000,28000,32000,37000,39000,41000,43000,43000,43000,2560,163,18000,18170.319990820175,199.88030000240542,42926.13609999535,3778.1828125
1781274187,10000,,Aggregated,28.400000,3.100000,18000,23000,29000,29000,31000,37000,40000,42000,43000,43000,43000,2772,356,18000,19057.31216760445,199.88030000240542,43405.037399999856,3525.6085858585857
1781274188,10000,,Aggregated,41.700000,15.100000,19000,26000,29000,30000,33000,38000,42000,43000,45000,45000,45000,3018,563,19000,20038.41991192828,199.88030000240542,44929.36750000081,3303.713386348575
1781274189,10000,,Aggregated,56.000000,28.800000,20000,29000,30000,30000,33000,38000,43000,44000,46000,46000,46000,3247,760,20000,20820.99767234357,199.88030000240542,45928.27920000127,3127.2288266091778
1781274190,10000,,Aggregated,77.200000,49.700000,21000,29000,30000,31000,33000,38000,43000,45000,46000,46000,46000,3461,959,21000,21386.18785385717,199.88030000240542,46477.59450000012,2959.67292689974
1781274191,10000,,Aggregated,98.400000,71.400000,22000,30000,31000,31000,33000,39000,44000,45000,47000,48000,48000,3704,1174,22000,21983.362235583092,199.88030000240542,47610.02739999822,2805.1406587473
1781274192,10000,,Aggregated,119.100000,91.300000,24000,30000,31000,32000,33000,39000,44000,46000,48000,48000,48000,3961,1412,24000,22592.22437126986,199.88030000240542,47908.96380000049,2651.22671042666
1781274193,10000,,Aggregated,137.900000,111.100000,26000,30000,31000,32000,33000,39000,44000,46000,48000,49000,49000,4182,1628,26000,23068.294129029175,199.88030000240542,48925.33410000033,2523.807030129125
1781274194,10000,,Aggregated,156.600000,131.400000,27000,30000,32000,32000,33000,40000,45000,47000,50000,50000,50000,4269,1677,27000,23328.82138788944,199.88030000240542,49873.95860000106,2510.911688920122
1781274195,10000,,Aggregated,167.200000,142.100000,27000,31000,32000,32000,34000,41000,46000,49000,51000,52000,52000,4306,1686,27000,23476.189737552246,199.88030000240542,52109.3652999989,2518.8548536925223
1781274196,10000,,Aggregated,167.200000,142.100000,27000,31000,32000,32000,34000,42000,46000,49000,52000,52000,52000,4317,1686,27000,23520.536732985867,199.88030000240542,52109.3652999989,2522.97915218902
1781274197,10000,,Aggregated,189.300000,165.500000,27000,31000,32000,32000,36000,44000,49000,52000,53000,54000,54000,4413,1726,27000,23743.917333650566,199.88030000240542,53777.349399999366,2530.382053025153
1781274198,10000,,Aggregated,178.700000,153.500000,26000,31000,32000,32000,36000,44000,51000,53000,54000,55000,55000,4589,1863,26000,23557.422896317294,199.88030000240542,54775.170400003844,2468.660492482022
1781274199,10000,,Aggregated,165.600000,140.400000,25000,30000,32000,32000,36000,44000,51000,53000,54000,55000,55000,4722,1987,25000,23259.06333081322,199.88030000240542,54775.170400003844,2407.8013553578994
1781274200,10000,,Aggregated,152.200000,127.600000,23000,30000,32000,32000,38000,47000,53000,55000,56000,57000,57000,5055,2245,23000,23027.12919841743,199.88030000240542,56555.78470000182,2323.2308605341245
1781274201,10000,,Aggregated,146.400000,120.600000,22000,30000,32000,32000,38000,47000,53000,55000,57000,57000,57000,5280,2449,22000,22645.25622342806,199.88030000240542,56974.09940000216,2248.224431818182
1781274202,10000,,Aggregated,149.600000,121.900000,20000,30000,31000,32000,37000,47000,53000,55000,57000,57000,57000,5479,2638,20000,22272.997784194235,199.88030000240542,57499.587400001474,2179.9326519437855
1781274203,10000,,Aggregated,154.600000,125.200000,19000,30000,31000,32000,37000,48000,54000,56000,58000,59000,59000,5708,2843,19000,21970.152998931353,199.88030000240542,58807.37439999939,2120.207953749124
1781274204,10000,,Aggregated,154.200000,124.300000,18000,30000,31000,32000,37000,48000,54000,56000,60000,60000,60000,5960,3072,18000,21650.36347078861,199.88030000240542,59822.29469999584,2048.705033557047
1781274205,10000,,Aggregated,152.900000,121.700000,18000,30000,31000,32000,37000,48000,54000,56000,60000,60000,60000,6128,3236,18000,21363.29737720303,199.88030000240542,60105.252200002724,1999.901272845953
1781274206,10000,,Aggregated,158.600000,129.700000,18000,30000,31000,32000,37000,48000,55000,57000,62000,62000,62000,6264,3355,18000,21242.26817401024,199.88030000240542,62038.3670999945,1970.426245210728
1781274207,10000,,Aggregated,178.200000,148.200000,18000,30000,31000,32000,37000,49000,55000,57000,62000,62000,62000,6274,3355,18000,21302.795991010546,199.88030000240542,62446.04359999357,1974.2164488364679
1781274208,10000,,Aggregated,186.700000,160.600000,18000,30000,31000,32000,38000,49000,56000,58000,63000,64000,64000,6299,3355,18000,21442.563836577272,199.88030000240542,63635.764099999506,1980.9118907763136
1781274209,10000,,Aggregated,191.300000,166.300000,18000,30000,31000,32000,38000,51000,56000,59000,65000,65000,65000,6383,3405,18000,21551.675551856537,199.88030000240542,65034.042600003886,1980.8358138806204
1781274210,10000,,Aggregated,183.000000,158.200000,18000,30000,31000,32000,39000,52000,58000,62000,66000,66000,66000,6483,3476,18000,21711.239357257484,199.88030000240542,66051.99020000146,1970.5162733302484
1781274211,10000,,Aggregated,166.900000,143.600000,17000,30000,31000,32000,43000,55000,63000,66000,66000,66000,66000,6809,3793,17000,22097.405610956142,199.88030000240542,66392.68959999754,1889.317227199295
1781274212,10000,,Aggregated,150.800000,130.800000,18000,30000,32000,33000,52000,61000,67000,67000,67000,68000,68000,7249,4212,18000,23599.613354200592,199.88030000240542,68109.27200000151,1796.1560215202096
1781274214,10000,,Aggregated,144.300000,124.200000,18000,30000,32000,33000,53000,62000,67000,67000,67000,68000,68000,7327,4288,18000,23717.46854495702,199.88030000240542,68109.27200000151,1779.8524634911969
1781274215,10000,,Aggregated,155.600000,136.700000,18000,30000,32000,33000,53000,62000,67000,67000,68000,70000,70000,7328,4288,18000,23723.78906640285,199.88030000240542,70034.24969999469,1780.5252456331878
1781274216,10000,,Aggregated,181.400000,163.600000,18000,30000,32000,33000,53000,62000,67000,67000,68000,70000,70000,7330,4290,18000,23720.90315219646,199.88030000240542,70034.24969999469,1780.075443383356
1781274217,10000,,Aggregated,147.600000,131.700000,18000,30000,32000,33000,53000,62000,67000,67000,68000,70000,70000,7332,4292,18000,23718.298618371533,199.88030000240542,70034.24969999469,1779.6258865248226
1781274218,10000,,Aggregated,126.800000,112.000000,18000,30000,32000,33000,53000,62000,67000,67000,68000,70000,70000,7333,4293,18000,23717.133300913687,199.88030000240542,70034.24969999469,1779.4012000545479
1781274219,10000,,Aggregated,114.600000,99.800000,18000,30000,32000,33000,53000,62000,67000,67000,68000,70000,70000,7334,4294,18000,23716.115125852204,199.88030000240542,70034.24969999469,1779.1765748568312
1781274220,10000,,Aggregated,105.900000,93.700000,18000,30000,32000,33000,53000,62000,67000,67000,68000,70000,70000,7336,4296,18000,23714.336329021276,199.88030000240542,70034.24969999469,1778.7275081788441
1781274221,10000,,Aggregated,104.000000,93.800000,18000,30000,32000,33000,53000,62000,67000,67000,68000,70000,70000,7337,4297,18000,23713.584154218355,199.88030000240542,70034.24969999469,1778.503066648494
1781274222,10000,,Aggregated,104.000000,93.800000,18000,30000,32000,33000,53000,62000,67000,67000,68000,70000,70000,7337,4297,18000,23713.584154218355,199.88030000240542,70034.24969999469,1778.503066648494
1781274223,10000,,Aggregated,104.000000,93.800000,18000,30000,32000,33000,53000,62000,67000,67000,68000,70000,70000,7337,4297,18000,23713.584154218355,199.88030000240542,70034.24969999469,1778.503066648494
1781274224,10000,,Aggregated,104.000000,93.800000,18000,30000,32000,33000,53000,62000,67000,67000,68000,70000,70000,7337,4297,18000,23713.584154218355,199.88030000240542,70034.24969999469,1778.503066648494
1781274225,10000,,Aggregated,38.300000,37.300000,18000,30000,32000,33000,53000,62000,67000,67000,68000,70000,70000,7338,4298,18000,23713.336972840018,199.88030000240542,70034.24969999469,1778.2786862905423
1781274226,10000,,Aggregated,1.000000,0.900000,18000,30000,32000,33000,53000,62000,67000,67000,68000,70000,70000,7339,4299,18000,23713.336611323077,199.88030000240542,70034.24969999469,1778.0543670799836
1781274227,10000,,Aggregated,1.000000,0.900000,18000,30000,32000,33000,53000,62000,67000,67000,68000,70000,70000,7339,4299,18000,23713.336611323077,199.88030000240542,70034.24969999469,1778.0543670799836
1781274228,10000,,Aggregated,1.000000,1.000000,18000,30000,32000,33000,53000,62000,67000,67000,68000,70000,70000,7340,4300,18000,23713.546726907367,199.88030000240542,70034.24969999469,1777.8301089918257
1781274229,10000,,Aggregated,1.000000,1.000000,18000,30000,32000,33000,53000,62000,67000,67000,68000,70000,70000,7340,4300,18000,23713.546726907367,199.88030000240542,70034.24969999469,1777.8301089918257
1781274230,10000,,Aggregated,0.700000,0.700000,18000,30000,32000,33000,53000,62000,67000,67000,68000,70000,70000,7341,4301,18000,23714.108733237987,199.88030000240542,70034.24969999469,1777.6059120010898
1781274231,10000,,Aggregated,0.700000,0.700000,18000,30000,32000,33000,53000,62000,67000,67000,68000,70000,70000,7341,4301,18000,23714.108733237987,199.88030000240542,70034.24969999469,1777.6059120010898
1781274232,10000,,Aggregated,0.700000,0.700000,18000,30000,32000,33000,53000,62000,67000,67000,68000,70000,70000,7341,4301,18000,23714.108733237987,199.88030000240542,70034.24969999469,1777.6059120010898
1781274233,10000,,Aggregated,0.700000,0.700000,18000,30000,32000,33000,53000,62000,67000,67000,68000,70000,70000,7341,4301,18000,23714.108733237987,199.88030000240542,70034.24969999469,1777.6059120010898
1781274234,10000,,Aggregated,0.400000,0.400000,18000,30000,32000,33000,53000,62000,67000,67000,68000,70000,70000,7342,4302,18000,23715.117345927552,199.88030000240542,70034.24969999469,1777.3817760828113
1781274235,10000,,Aggregated,0.400000,0.400000,18000,30000,32000,33000,53000,62000,67000,67000,68000,70000,70000,7342,4302,18000,23715.117345927552,199.88030000240542,70034.24969999469,1777.3817760828113
1781274236,10000,,Aggregated,0.400000,0.400000,18000,30000,32000,33000,53000,62000,67000,67000,68000,70000,70000,7342,4302,18000,23715.117345927552,199.88030000240542,70034.24969999469,1777.3817760828113
1781274237,10000,,Aggregated,0.400000,0.400000,18000,30000,32000,33000,53000,62000,67000,67000,68000,70000,70000,7343,4303,18000,23716.61387917746,199.88030000240542,70034.24969999469,1777.1577012120388
1781274238,10000,,Aggregated,0.400000,0.400000,18000,30000,32000,33000,53000,62000,67000,67000,68000,70000,70000,7343,4303,18000,23716.61387917746,199.88030000240542,70034.24969999469,1777.1577012120388
1781274239,10000,,Aggregated,0.400000,0.400000,18000,30000,32000,33000,53000,62000,67000,67000,68000,70000,70000,7343,4303,18000,23716.61387917746,199.88030000240542,70034.24969999469,1777.1577012120388
1781274240,10000,,Aggregated,0.400000,0.400000,18000,30000,32000,33000,53000,62000,67000,67000,68000,70000,70000,7343,4303,18000,23716.61387917746,199.88030000240542,70034.24969999469,1777.1577012120388
1781274241,10000,,Aggregated,0.400000,0.400000,18000,30000,32000,33000,53000,62000,67000,67000,68000,70000,70000,7343,4303,18000,23716.61387917746,199.88030000240542,70034.24969999469,1777.1577012120388
1781274242,10000,,Aggregated,0.300000,0.300000,18000,30000,32000,33000,53000,62000,67000,67000,68000,70000,70000,7345,4305,18000,23720.933923798515,199.88030000240542,70034.24969999469,1776.7097345132743
1781274243,10000,,Aggregated,0.300000,0.300000,18000,30000,32000,33000,53000,62000,67000,67000,68000,70000,70000,7345,4305,18000,23720.933923798515,199.88030000240542,70034.24969999469,1776.7097345132743
1781274244,10000,,Aggregated,0.300000,0.300000,18000,30000,32000,33000,53000,62000,67000,67000,68000,70000,70000,7345,4305,18000,23720.933923798515,199.88030000240542,70034.24969999469,1776.7097345132743
1781274245,10000,,Aggregated,0.300000,0.300000,18000,30000,32000,33000,53000,62000,67000,67000,68000,70000,70000,7345,4305,18000,23720.933923798515,199.88030000240542,70034.24969999469,1776.7097345132743
1781274246,10000,,Aggregated,0.300000,0.300000,18000,30000,32000,33000,53000,62000,67000,67000,68000,70000,70000,7346,4306,18000,23723.67409402397,199.88030000240542,70034.24969999469,1776.4858426354479
1781274247,10000,,Aggregated,0.300000,0.300000,18000,30000,32000,33000,53000,62000,67000,67000,68000,70000,70000,7346,4306,18000,23723.67409402397,199.88030000240542,70034.24969999469,1776.4858426354479
1781274248,10000,,Aggregated,0.300000,0.300000,18000,30000,32000,33000,53000,62000,67000,67000,68000,70000,70000,7346,4306,18000,23723.67409402397,199.88030000240542,70034.24969999469,1776.4858426354479
1781274249,10000,,Aggregated,0.300000,0.300000,18000,30000,32000,33000,53000,62000,67000,67000,68000,70000,70000,7346,4306,18000,23723.67409402397,199.88030000240542,70034.24969999469,1776.4858426354479
1781274250,10000,,Aggregated,0.300000,0.300000,18000,30000,32000,33000,53000,62000,67000,67000,68000,70000,70000,7346,4306,18000,23723.67409402397,199.88030000240542,70034.24969999469,1776.4858426354479
1781274251,10000,,Aggregated,0.300000,0.300000,18000,30000,32000,33000,53000,62000,67000,67000,68000,70000,70000,7346,4306,18000,23723.67409402397,199.88030000240542,70034.24969999469,1776.4858426354479
1781274252,10000,,Aggregated,0.300000,0.300000,18000,30000,32000,33000,53000,62000,67000,67000,68000,70000,70000,7346,4306,18000,23723.67409402397,199.88030000240542,70034.24969999469,1776.4858426354479
1781274253,10000,,Aggregated,0.300000,0.300000,18000,30000,32000,33000,53000,62000,67000,67000,68000,70000,70000,7347,4307,18000,23727.336289655654,199.88030000240542,70034.24969999469,1776.262011705458
1781274254,10000,,Aggregated,0.300000,0.300000,18000,30000,32000,33000,53000,62000,67000,67000,68000,70000,70000,7347,4307,18000,23727.336289655654,199.88030000240542,70034.24969999469,1776.262011705458
1781274257,10000,,Aggregated,0.200000,0.200000,18000,30000,32000,33000,53000,62000,67000,67000,68000,97000,97000,7475,4435,18000,24226.256573056853,199.88030000240542,97087.07909999794,1745.845752508361
1781274260,10000,,Aggregated,8.200000,8.200000,19000,31000,33000,38000,55000,63000,67000,67000,99000,101000,101000,7731,4691,19000,25319.013686741717,199.88030000240542,100987.43380000087,1688.0347949812444
1781274262,10000,,Aggregated,38.500000,38.500000,20000,31000,33000,44000,57000,65000,67000,68000,105000,105000,105000,7987,4947,20000,26460.522034405938,199.88030000240542,104797.54279999906,1633.9297608613997
1781274264,10000,,Aggregated,57.100000,57.100000,23000,32000,40000,50000,60000,67000,107000,108000,108000,108000,108000,8371,5331,23000,29078.01205360173,199.88030000240542,108359.66820000613,1558.9770636722017
1781274266,10000,,Aggregated,70.200000,70.200000,29000,33000,49000,54000,67000,108000,111000,111000,114000,121000,121000,8883,5833,29000,33625.600499313296,199.88030000240542,121371.99250000413,1473.2143420015761
1781274267,10000,,Aggregated,117.600000,117.400000,30000,38000,54000,60000,109000,112000,114000,115000,116000,121000,121000,9395,6345,30000,37994.91244251193,199.88030000240542,121371.99250000413,1392.9284725918042
1781274270,10000,,Aggregated,152.700000,151.700000,30000,48000,59000,67000,112000,116000,118000,119000,119000,121000,121000,9866,6816,30000,41793.54377120412,199.88030000240542,121371.99250000413,1326.4304682748834
1781274271,10000,,Aggregated,226.200000,225.200000,31000,52000,66000,108000,116000,121000,123000,124000,124000,124000,124000,10423,7371,31000,46094.27817290611,199.88030000240542,124125.37250000605,1257.0117048834309
1781274272,10000,,Aggregated,213.500000,212.500000,32000,58000,103000,111000,119000,124000,126000,126000,128000,128000,128000,11191,8134,32000,50237.71965675097,199.88030000240542,128469.10009999556,1172.0817621302833
1781274274,10000,,Aggregated,271.400000,270.100000,33000,62000,108000,111000,118000,124000,126000,126000,128000,129000,129000,11959,8900,33000,53076.22268782502,199.88030000240542,128758.86419999733,1098.0882180784347
1781274275,10000,,Aggregated,318.700000,316.900000,43000,67000,109000,113000,120000,124000,126000,127000,130000,130000,130000,12727,9666,43000,55870.05886986714,199.88030000240542,129861.38240000582,1035.286084701815
1781274277,10000,,Aggregated,359.200000,357.300000,50000,71000,111000,114000,121000,125000,130000,130000,130000,130000,130000,13495,10434,50000,58631.16102371238,199.88030000240542,130403.9077999987,983.8801037421267
1781274278,10000,,Aggregated,422.800000,421.700000,52000,76000,112000,116000,123000,127000,130000,130000,131000,133000,134000,13879,10810,52000,60413.621770790334,199.88030000240542,133787.33520000242,962.6773542762447
1781274279,10000,,Aggregated,426.300000,425.200000,55000,103000,114000,117000,124000,130000,130000,130000,131000,133000,134000,14263,11193,55000,62190.19326693533,199.88030000240542,133787.33520000242,940.7743812662133
1781274280,10000,,Aggregated,420.000000,418.900000,60000,111000,117000,120000,128000,130000,130000,130000,131000,133000,134000,15543,12473,60000,67259.69982549053,199.88030000240542,133787.33520000242,874.1700443929743
1781274281,10000,,Aggregated,414.100000,412.100000,66000,111000,118000,121000,128000,130000,130000,130000,131000,133000,134000,16318,13248,66000,68773.3911342015,73.80189999821596,133787.33520000242,838.8651182742983
1781274284,10000,,Aggregated,552.800000,550.800000,66000,112000,118000,122000,128000,130000,130000,130000,131000,133000,134000,16574,13504,66000,69639.36749701343,73.80189999821596,133787.33520000242,827.9469651261011
1781274285,10000,,Aggregated,521.100000,519.900000,67000,112000,119000,123000,128000,130000,130000,130000,131000,133000,134000,16830,13760,67000,70378.59371088535,73.80189999821596,133787.33520000242,817.3609625668449
1781274286,10000,,Aggregated,477.500000,476.400000,67000,112000,118000,123000,128000,130000,130000,130000,131000,133000,134000,17021,13951,67000,70616.84341786035,73.80189999821596,133787.33520000242,809.670230891252
1781274287,10000,,Aggregated,430.000000,429.000000,67000,112000,118000,123000,128000,130000,130000,130000,131000,133000,134000,17299,14209,67000,70671.44581569456,73.80189999821596,133787.33520000242,799.0636452974161
1781274288,10000,,Aggregated,387.000000,386.100000,67000,111000,118000,122000,128000,130000,130000,130000,131000,133000,134000,17542,14451,67000,69833.94335262795,73.80189999821596,133787.33520000242,789.8170676091665
1781274289,10000,,Aggregated,380.200000,377.400000,66000,111000,118000,122000,128000,130000,130000,130000,131000,133000,134000,17952,14860,66000,68472.90852684378,73.80189999821596,133787.33520000242,774.7874331550802
1781274290,10000,,Aggregated,361.200000,358.300000,66000,110000,117000,121000,128000,130000,130000,130000,131000,133000,134000,18248,15155,66000,67525.78797482456,73.80189999821596,133787.33520000242,764.3549430074529
1781274291,10000,,Aggregated,369.300000,367.100000,63000,110000,117000,121000,128000,130000,130000,130000,131000,133000,134000,18490,15397,63000,66774.94591818268,73.80189999821596,133787.33520000242,756.0785830178474
1781274292,10000,,Aggregated,338.100000,335.800000,61000,109000,117000,121000,128000,130000,130000,130000,131000,133000,134000,18735,15642,61000,66049.55469164127,73.80189999821596,133787.33520000242,747.8902054977315
1781274293,10000,,Aggregated,263.000000,260.700000,61000,109000,117000,121000,128000,130000,130000,130000,131000,133000,134000,18848,15755,61000,65717.46060072152,73.80189999821596,133787.33520000242,744.1977398132428
1781274295,10000,,Aggregated,228.900000,226.600000,60000,109000,116000,121000,128000,130000,130000,130000,131000,133000,134000,19090,15997,60000,65034.108644599175,73.80189999821596,133787.33520000242,736.4365112624411
1781274296,10000,,Aggregated,227.400000,225.100000,59000,108000,116000,120000,128000,130000,130000,130000,131000,133000,134000,19500,16407,59000,63904.065396487065,73.80189999821596,133787.33520000242,723.7263076923077
1781274297,10000,,Aggregated,229.400000,227.100000,58000,108000,116000,120000,128000,130000,130000,130000,131000,133000,134000,19577,16484,58000,63692.673531756576,73.80189999821596,133787.33520000242,721.3984267252388
1781274298,10000,,Aggregated,239.000000,236.700000,58000,108000,116000,120000,127000,130000,130000,130000,131000,133000,134000,19645,16552,58000,63507.12411637051,73.80189999821596,133787.33520000242,719.3582590990073
1781274299,10000,,Aggregated,223.000000,222.600000,58000,108000,116000,120000,127000,130000,130000,130000,131000,133000,134000,19743,16650,58000,63241.96130298324,73.80189999821596,133787.33520000242,716.4427391987033
1781274300,10000,,Aggregated,224.700000,224.400000,58000,107000,116000,120000,127000,130000,130000,130000,131000,133000,134000,19876,16783,57000,62925.38839598505,73.80189999821596,133787.33520000242,712.5067921110888
1781274301,10000,,Aggregated,198.400000,198.300000,57000,107000,116000,119000,127000,130000,130000,130000,131000,133000,134000,20017,16924,57000,62553.37297620517,73.80189999821596,133787.33520000242,708.4176949592846
1781274302,10000,,Aggregated,161.400000,161.400000,56000,107000,116000,119000,127000,130000,130000,130000,131000,133000,134000,20048,16955,56000,62472.32038081099,73.80189999821596,133787.33520000242,707.5263866719872
1781274303,10000,,Aggregated,158.300000,158.300000,56000,107000,116000,119000,127000,130000,130000,130000,131000,133000,134000,20138,17040,56000,62241.12019612174,73.80189999821596,133787.33520000242,705.7693415433508
1781274304,10000,,Aggregated,141.000000,141.000000,56000,107000,116000,119000,127000,130000,130000,130000,131000,133000,134000,20173,17059,56000,62159.90714717691,73.80189999821596,133787.33520000242,707.8946611807862
1781274305,10000,,Aggregated,134.300000,134.300000,56000,106000,116000,119000,127000,130000,130000,130000,131000,133000,134000,20180,17065,56000,62143.718492001986,73.80189999821596,133787.33520000242,707.728543111992
1781274306,10000,,Aggregated,129.700000,128.900000,55000,106000,116000,119000,127000,130000,130000,130000,131000,133000,134000,20221,17093,55000,62068.46531365413,73.80189999821596,133787.33520000242,709.0434696602542
1781274307,10000,,Aggregated,117.800000,115.600000,55000,106000,115000,119000,127000,130000,130000,130000,131000,133000,134000,20262,17130,55000,62011.49491903069,73.80189999821596,133787.33520000242,708.9286842365018
1781274308,10000,,Aggregated,83.800000,81.500000,55000,105000,115000,119000,127000,130000,130000,130000,131000,133000,134000,20303,17166,55000,61927.410882623255,73.80189999821596,133787.33520000242,708.9803969856672
1781274309,10000,,Aggregated,69.600000,65.900000,55000,105000,115000,119000,127000,130000,130000,130000,131000,133000,134000,20314,17166,55000,61906.69936908042,73.80189999821596,133787.33520000242,710.1801713104263
1781274310,10000,,Aggregated,65.200000,61.300000,54000,105000,115000,119000,127000,130000,130000,130000,131000,133000,134000,20346,17194,54000,61842.66787293818,73.80189999821596,133787.33520000242,710.1827877715522
1781274311,10000,,Aggregated,62.200000,57.500000,54000,105000,115000,119000,127000,130000,130000,130000,131000,133000,134000,20359,17195,54000,61820.33544177023,73.80189999821596,133787.33520000242,711.8034284591581
1781274312,10000,,Aggregated,54.400000,48.900000,54000,105000,115000,119000,127000,130000,130000,130000,131000,133000,134000,20390,17216,54000,61772.27681612558,73.80189999821596,133787.33520000242,713.0475723393821
1781274313,10000,,Aggregated,45.400000,39.100000,54000,105000,115000,119000,127000,130000,130000,130000,131000,133000,134000,20404,17221,54000,61748.79466224764,73.80189999821596,133787.33520000242,713.6190942952362
1781274314,10000,,Aggregated,34.900000,27.800000,53000,102000,115000,119000,127000,130000,130000,130000,131000,133000,134000,20601,17414,53000,61476.21431817875,73.80189999821596,133787.33520000242,708.8081646522013
1781274315,10000,,Aggregated,31.300000,23.100000,52000,102000,115000,119000,127000,130000,130000,130000,131000,133000,134000,20657,17460,52000,61401.00708858018,73.80189999821596,133787.33520000242,708.3935227767827
1781274316,10000,,Aggregated,25.900000,17.700000,53000,102000,115000,119000,127000,130000,130000,130000,131000,133000,134000,20692,17489,53000,61450.66043093472,73.80189999821596,133787.33520000242,708.6535375990721
1781274317,10000,,Aggregated,45.600000,38.400000,53000,102000,115000,119000,127000,130000,130000,130000,131000,133000,134000,20707,17500,53000,61418.05759706869,73.80189999821596,133787.33520000242,709.0862510262231
1781274318,10000,,Aggregated,44.800000,36.700000,52000,101000,115000,119000,127000,130000,130000,130000,131000,133000,134000,20757,17547,52000,61300.34457801711,73.80189999821596,133787.33520000242,708.6412776412776
1781274319,10000,,Aggregated,46.900000,39.600000,52000,101000,115000,119000,127000,130000,130000,130000,131000,133000,134000,20793,17575,52000,61230.628911970474,73.80189999821596,133787.33520000242,709.2007887269755
1781274320,10000,,Aggregated,44.700000,37.200000,52000,101000,115000,119000,127000,130000,130000,130000,131000,133000,134000,20820,17600,52000,61166.78926693573,73.80189999821596,133787.33520000242,708.8010566762728
1781274321,10000,,Aggregated,45.300000,38.200000,52000,100000,114000,119000,127000,130000,130000,130000,131000,133000,134000,20853,17621,52000,61112.85789422633,73.80189999821596,133787.33520000242,710.1454466983167
1781274323,10000,,Aggregated,48.100000,41.100000,51000,100000,114000,119000,127000,130000,130000,130000,131000,133000,134000,20879,17640,51000,61061.79844727722,73.80189999821596,133787.33520000242,709.9332822453183
1781274324,10000,,Aggregated,47.100000,40.700000,52000,101000,114000,119000,127000,130000,130000,130000,131000,133000,134000,20948,17705,52000,61122.79838940236,73.80189999821596,133787.33520000242,708.9957991216345
1781274325,10000,,Aggregated,48.400000,41.600000,51000,100000,114000,119000,127000,130000,130000,130000,131000,133000,134000,20969,17721,51000,61083.539527602654,73.80189999821596,133787.33520000242,709.4945395583957
1781274326,10000,,Aggregated,54.400000,48.400000,51000,100000,114000,119000,127000,130000,130000,130000,131000,133000,134000,21013,17764,51000,60981.28073672963,73.80189999821596,133787.33520000242,708.5928234902203
1781274327,10000,,Aggregated,33.900000,27.800000,51000,99000,114000,118000,127000,130000,130000,130000,131000,133000,134000,21129,17876,51000,60711.68035082121,73.80189999821596,133787.33520000242,705.8400302901226
1781274328,10000,,Aggregated,35.300000,30.100000,50000,98000,114000,118000,127000,130000,130000,130000,131000,133000,134000,21225,17956,50000,60514.42809512369,73.80189999821596,133787.33520000242,707.0673262661956
1781274329,10000,,Aggregated,43.200000,38.200000,50000,98000,114000,118000,127000,130000,130000,130000,131000,133000,134000,21266,17979,50000,60453.45297066681,73.80189999821596,133787.33520000242,708.4591366500517
1781274330,10000,,Aggregated,51.500000,45.300000,50000,98000,114000,118000,127000,130000,130000,130000,131000,133000,134000,21305,17996,50000,60402.31705422207,73.80189999821596,133787.33520000242,710.5620746303684
1781274331,10000,,Aggregated,50.500000,43.000000,50000,97000,114000,118000,127000,130000,130000,130000,131000,133000,134000,21349,18032,50000,60318.877731509696,73.80189999821596,133787.33520000242,710.3875591362593
1781274332,10000,,Aggregated,50.900000,41.900000,49000,96000,114000,118000,127000,130000,130000,130000,131000,133000,134000,21397,18057,49000,60246.33992240502,73.80189999821596,133787.33520000242,710.8007664625882
1781274333,10000,,Aggregated,52.500000,42.800000,49000,96000,114000,118000,127000,130000,130000,130000,131000,133000,134000,21431,18082,49000,60183.23608425646,73.80189999821596,133787.33520000242,711.1367178386449
1781274334,10000,,Aggregated,54.000000,43.500000,49000,94000,114000,118000,127000,130000,130000,130000,131000,133000,134000,21484,18110,49000,60085.89926253957,73.80189999821596,133787.33520000242,713.1426643083224
1781274335,10000,,Aggregated,55.000000,44.000000,49000,93000,114000,118000,127000,130000,130000,130000,131000,133000,134000,21540,18137,49000,60006.99240993502,73.80189999821596,133787.33520000242,718.9385793871867
1781274336,10000,,Aggregated,53.100000,40.200000,49000,92000,114000,118000,127000,130000,130000,130000,131000,133000,134000,21598,18182,49000,59895.93909035098,73.80189999821596,133787.33520000242,720.3249374942125
1781274337,10000,,Aggregated,56.400000,41.100000,49000,90000,114000,118000,127000,129000,130000,130000,131000,133000,134000,21687,18248,49000,59817.91728559046,73.80189999821596,133787.33520000242,722.7670493844239
1781274338,10000,,Aggregated,58.300000,41.700000,49000,88000,114000,118000,127000,129000,130000,130000,131000,133000,134000,21853,18409,49000,59715.91199815585,73.80189999821596,133787.33520000242,719.0736283347824
1781274339,10000,,Aggregated,56.100000,37.600000,49000,86000,113000,118000,127000,129000,130000,130000,131000,133000,134000,22003,18539,49000,59519.68929785032,73.80189999821596,133787.33520000242,720.3612689178748
1781274340,10000,,Aggregated,61.800000,44.500000,50000,84000,113000,118000,127000,129000,130000,130000,131000,133000,134000,22147,18669,50000,59407.08515112653,73.80189999821596,133787.33520000242,719.4697701720323
1781274341,10000,,Aggregated,71.700000,54.100000,50000,83000,113000,118000,127000,129000,130000,130000,131000,133000,134000,22243,18754,50000,59309.80448845027,73.80189999821596,133787.33520000242,719.9897046261746
1781274342,10000,,Aggregated,81.400000,64.500000,50000,81000,113000,118000,127000,129000,130000,130000,131000,133000,134000,22406,18895,50000,59288.654629175166,73.80189999821596,133787.33520000242,720.9122556458092
1781274343,10000,,Aggregated,88.800000,71.900000,51000,80000,113000,118000,127000,129000,130000,130000,131000,133000,134000,22515,18991,51000,59281.573185485155,73.80189999821596,133787.33520000242,720.7879191650011
1781274344,10000,,Aggregated,101.000000,83.900000,51000,79000,113000,118000,127000,129000,130000,130000,131000,133000,134000,22637,19091,51000,59289.02458059808,73.80189999821596,133787.33520000242,722.5643415646949
1781274345,10000,,Aggregated,107.200000,90.100000,52000,77000,113000,117000,127000,129000,130000,130000,131000,133000,134000,22740,19191,52000,59300.26996147754,73.80189999821596,133787.33520000242,720.5456464379947
1781274346,10000,,Aggregated,109.400000,92.400000,53000,74000,112000,117000,127000,129000,130000,130000,131000,133000,134000,23026,19464,53000,59325.0162946842,73.80189999821596,133787.33520000242,716.0362633544688
1781274347,10000,,Aggregated,119.300000,104.600000,55000,72000,112000,117000,127000,129000,130000,130000,131000,133000,134000,23339,19773,55000,59358.95402956851,73.80189999821596,133787.33520000242,708.5727751831698
1781274348,10000,,Aggregated,135.500000,120.800000,57000,75000,111000,116000,127000,129000,130000,130000,131000,133000,134000,23833,20248,57000,59707.459878580084,73.80189999821596,133787.33520000242,700.3693198506273
1781274349,10000,,Aggregated,158.600000,145.900000,59000,79000,111000,116000,127000,129000,130000,130000,131000,133000,134000,24252,20649,59000,59938.84034870113,73.80189999821596,133787.33520000242,692.7864506020122
1781274350,10000,,Aggregated,189.700000,175.800000,60000,81000,110000,116000,127000,129000,130000,130000,131000,133000,134000,24583,20967,60000,60111.48476621653,73.80189999821596,133787.33520000242,687.1628361062523
1781274351,10000,,Aggregated,217.100000,203.300000,60000,83000,110000,116000,127000,129000,130000,130000,131000,133000,134000,24938,21306,60000,60295.55798221189,73.80189999821596,133787.33520000242,681.6961664929024
1781274352,10000,,Aggregated,240.000000,226.400000,60000,83000,109000,115000,127000,129000,130000,130000,131000,133000,134000,25573,21897,60000,60523.146555324056,73.80189999821596,133787.33520000242,672.2622687991241
1781274353,10000,,Aggregated,257.600000,243.300000,60000,83000,109000,115000,127000,129000,130000,130000,131000,133000,134000,25733,22036,60000,60562.628643139324,73.80189999821596,133787.33520000242,671.8613842148214
1781274354,10000,,Aggregated,266.300000,253.800000,60000,84000,108000,114000,126000,129000,130000,130000,131000,133000,134000,26488,22763,60000,60941.76098949356,73.80189999821596,133787.33520000242,661.1702657807309
1781274355,10000,,Aggregated,307.600000,291.600000,60000,84000,108000,114000,126000,129000,130000,130000,131000,133000,134000,26715,22971,60000,61007.902782631725,73.80189999821596,133787.33520000242,660.3139809096014
1781274356,10000,,Aggregated,332.300000,316.100000,61000,84000,107000,114000,126000,129000,130000,130000,131000,133000,134000,27214,23449,61000,61276.50273336912,73.80189999821596,133787.33520000242,654.2075034908503
1781274358,10000,,Aggregated,378.800000,360.100000,61000,84000,107000,113000,126000,129000,130000,130000,131000,133000,134000,27566,23779,61000,61434.8161393966,73.80189999821596,133787.33520000242,651.126968004063
1781274359,10000,,Aggregated,394.300000,374.300000,61000,84000,102000,113000,126000,129000,130000,130000,131000,133000,134000,28340,24530,61000,61773.171581139955,73.80189999821596,133787.33520000242,641.2710656316161
1781274360,10000,,Aggregated,394.300000,374.300000,61000,85000,98000,112000,126000,129000,130000,130000,131000,133000,134000,28868,25045,61000,62034.53097646893,73.80189999821596,133787.33520000242,634.5940487737287
1781274361,10000,,Aggregated,416.100000,395.400000,61000,85000,93000,112000,125000,129000,130000,130000,131000,133000,134000,29350,25505,61000,62289.25200482818,73.80189999821596,133787.33520000242,631.0844633730835
1781274362,10000,,Aggregated,435.000000,414.000000,61000,85000,90000,111000,125000,129000,130000,130000,131000,133000,134000,29797,25934,61000,62491.64821257198,73.80189999821596,133787.33520000242,626.4261838440111
1781274363,10000,,Aggregated,448.800000,427.300000,61000,85000,89000,111000,125000,129000,130000,130000,131000,133000,134000,30160,26291,61000,62660.85946865077,73.80189999821596,133787.33520000242,621.6858090185676
1781274364,10000,,Aggregated,463.300000,440.600000,61000,85000,88000,111000,124000,128000,130000,130000,131000,133000,134000,30635,26741,61000,62919.970287139215,73.80189999821596,133787.33520000242,617.1680757303737
1781274365,10000,,Aggregated,458.000000,439.400000,61000,85000,88000,110000,124000,128000,130000,130000,131000,133000,134000,30925,27022,61000,63074.45236412965,73.80189999821596,133787.33520000242,613.3215844785772
1781274366,10000,,Aggregated,454.300000,435.900000,61000,85000,89000,110000,124000,128000,130000,130000,131000,133000,134000,31279,27355,61000,63254.682719045,73.80189999821596,133787.33520000242,610.9776527382589
1781274367,10000,,Aggregated,421.900000,405.000000,61000,85000,89000,110000,124000,128000,130000,130000,131000,133000,134000,31381,27452,61000,63284.95754628305,73.80189999821596,133787.33520000242,609.8812976004589
1781274368,10000,,Aggregated,422.400000,406.800000,61000,85000,89000,110000,124000,128000,130000,130000,131000,133000,134000,31409,27456,61000,63258.41801583011,73.80189999821596,133787.33520000242,612.4835875067656
1781274369,10000,,Aggregated,413.200000,397.300000,61000,85000,89000,110000,124000,128000,130000,130000,131000,133000,134000,31539,27576,61000,63063.247361796726,73.80189999821596,133787.33520000242,611.7785281714703
1781274370,10000,,Aggregated,384.800000,370.100000,61000,85000,88000,109000,124000,128000,130000,130000,131000,133000,134000,31691,27700,61000,62834.19005626538,73.80189999821596,133787.33520000242,613.556056924679
1781274371,10000,,Aggregated,310.200000,295.100000,61000,85000,88000,109000,124000,128000,130000,130000,131000,133000,134000,31727,27723,61000,62802.65713599478,73.80189999821596,133787.33520000242,614.713335644719
1781274372,10000,,Aggregated,275.300000,261.000000,61000,85000,88000,109000,124000,128000,130000,130000,131000,133000,134000,31782,27764,61000,62729.42419680027,73.80189999821596,133787.33520000242,616.4823170347996
1781274373,10000,,Aggregated,240.100000,224.800000,61000,85000,88000,109000,124000,128000,130000,130000,131000,133000,134000,31830,27788,61000,62684.824412582675,73.80189999821596,133787.33520000242,619.2054979579013
1781274374,10000,,Aggregated,204.700000,190.300000,61000,85000,88000,109000,124000,128000,130000,130000,131000,133000,134000,31856,27802,61000,62657.426289239265,73.80189999821596,133787.33520000242,619.9170015067805
1781274375,10000,,Aggregated,163.200000,147.600000,61000,85000,88000,109000,124000,128000,130000,130000,131000,133000,134000,31882,27811,61000,62642.56641661144,73.80189999821596,133787.33520000242,622.429803650963
1781274376,10000,,Aggregated,139.600000,123.900000,61000,85000,88000,109000,124000,128000,130000,130000,131000,133000,134000,32374,28297,61000,61859.75321145373,73.80189999821596,133787.33520000242,615.5348427750664
1781274377,10000,,Aggregated,105.200000,89.700000,61000,85000,88000,108000,124000,128000,130000,130000,131000,133000,134000,32615,28521,61000,61499.09990285152,73.80189999821596,133787.33520000242,614.1678982063468
1781274378,10000,,Aggregated,102.300000,85.500000,61000,85000,88000,108000,123000,128000,130000,130000,131000,133000,134000,32778,28675,61000,61253.71818140832,73.80189999821596,133787.33520000242,612.5687656354872
1781274379,10000,,Aggregated,108.100000,92.800000,61000,85000,88000,108000,123000,128000,130000,130000,131000,133000,134000,32896,28784,61000,61114.623938725184,73.80189999821596,133787.33520000242,612.022951118677
1781274380,10000,,Aggregated,127.100000,110.900000,61000,85000,88000,108000,123000,128000,130000,130000,131000,133000,134000,32922,28793,61000,61101.097049374395,73.80189999821596,133787.33520000242,613.618765567098
1781274381,10000,,Aggregated,139.200000,124.600000,61000,85000,88000,108000,123000,128000,130000,130000,131000,133000,134000,32984,28850,61000,61033.84484848425,73.80189999821596,133787.33520000242,613.2649466407955
1781274382,10000,,Aggregated,128.600000,113.600000,61000,85000,88000,108000,123000,128000,130000,130000,131000,133000,134000,33064,28911,61000,60946.33996240032,73.80189999821596,133787.33520000242,614.4891120251633
1781274383,10000,,Aggregated,122.500000,109.300000,61000,85000,88000,108000,123000,128000,130000,130000,131000,133000,134000,33080,28924,61000,60937.04343867606,73.80189999821596,133787.33520000242,614.908222490931
1781274384,10000,,Aggregated,124.600000,111.600000,61000,85000,88000,108000,123000,128000,130000,130000,131000,133000,134000,33123,28953,61000,60908.23821310885,73.80189999821596,133787.33520000242,616.5693626785013
1781274385,10000,,Aggregated,127.500000,114.400000,61000,85000,88000,108000,123000,128000,130000,130000,131000,133000,134000,33136,28963,61000,60897.02236057172,73.80189999821596,133787.33520000242,616.7970787059392
1781274386,10000,,Aggregated,124.900000,113.600000,61000,85000,88000,108000,123000,128000,130000,130000,131000,133000,134000,33157,28969,61000,60885.878249950365,73.80189999821596,133787.33520000242,618.6639623608891
1781274387,10000,,Aggregated,126.800000,115.200000,61000,85000,88000,108000,123000,128000,130000,130000,131000,133000,134000,33244,29044,61000,60769.33834338538,73.80189999821596,133787.33520000242,619.1422211526892
1781274388,10000,,Aggregated,115.600000,105.300000,61000,85000,88000,108000,123000,128000,130000,130000,131000,133000,134000,33440,29230,61000,60508.02336092416,73.80189999821596,133787.33520000242,617.7836423444976
1781274389,10000,,Aggregated,73.400000,62.300000,61000,85000,87000,108000,123000,128000,130000,130000,131000,133000,134000,33693,29453,61000,60211.00871051266,73.80189999821596,133787.33520000242,617.3657139465171
1781274390,10000,,Aggregated,58.800000,48.300000,61000,85000,87000,108000,123000,128000,130000,130000,131000,133000,134000,33812,29565,61000,60063.87969833204,73.80189999821596,133787.33520000242,616.9864545131906
1781274391,10000,,Aggregated,64.900000,54.300000,61000,85000,87000,107000,123000,128000,130000,130000,131000,133000,134000,33951,29668,61000,59932.2528243823,73.80189999821596,133787.33520000242,619.2069158493123
1781274392,10000,,Aggregated,79.600000,67.200000,61000,85000,87000,107000,123000,128000,130000,130000,131000,133000,134000,33988,29701,61000,59900.413532029066,73.80189999821596,133787.33520000242,619.3628633635401
1781274393,10000,,Aggregated,89.600000,77.500000,60000,85000,87000,107000,123000,128000,130000,130000,131000,133000,134000,34060,29745,60000,59830.93341382569,73.80189999821596,133787.33520000242,621.3247504403993
1781274395,10000,,Aggregated,96.200000,81.300000,60000,85000,87000,107000,123000,128000,130000,130000,131000,133000,134000,34089,29766,60000,59798.653338135555,73.80189999821596,133787.33520000242,622.1300712839919
1781274396,10000,,Aggregated,92.600000,79.200000,60000,84000,87000,107000,123000,128000,130000,130000,131000,133000,134000,34134,29792,60000,59758.034455639616,73.80189999821596,133787.33520000242,623.4328235776645
1781274397,10000,,Aggregated,97.600000,81.900000,60000,84000,87000,107000,123000,128000,130000,130000,131000,133000,134000,34155,29800,60000,59743.36655591282,73.80189999821596,133787.33520000242,625.190894451764
1781274398,10000,,Aggregated,99.500000,82.900000,60000,84000,87000,107000,123000,128000,130000,130000,131000,133000,134000,34182,29807,60000,59729.69768721263,73.80189999821596,133787.33520000242,627.8640512550465
1781274399,10000,,Aggregated,99.500000,82.900000,60000,84000,87000,107000,123000,128000,130000,130000,131000,133000,134000,34213,29826,60000,59701.056603098295,73.80189999821596,133787.33520000242,628.6296437026862
1781274400,10000,,Aggregated,93.700000,76.300000,60000,84000,87000,107000,123000,128000,130000,130000,131000,133000,134000,34277,29874,60000,59629.28882441,73.80189999821596,133787.33520000242,628.7388627942936
1781274401,10000,,Aggregated,75.700000,58.000000,60000,84000,87000,107000,123000,128000,130000,130000,131000,133000,134000,34446,30028,60000,59432.32335780359,73.80189999821596,133787.33520000242,627.4107298380073
1781274402,10000,,Aggregated,57.000000,40.700000,60000,84000,87000,106000,123000,128000,130000,130000,131000,133000,134000,34650,30213,60000,59216.92600496111,73.80189999821596,133787.33520000242,626.9017893217894
1781274403,10000,,Aggregated,61.800000,45.000000,60000,84000,87000,105000,122000,128000,130000,130000,131000,133000,134000,34858,30418,60000,59064.25927311386,73.80189999821596,133787.33520000242,624.0126513282461
1781274404,10000,,Aggregated,68.000000,52.700000,60000,84000,87000,104000,122000,128000,130000,130000,131000,133000,134000,35019,30571,60000,59013.50084843376,73.80189999821596,133787.33520000242,622.6333419001114
1781274405,10000,,Aggregated,84.500000,69.200000,60000,84000,87000,104000,122000,128000,130000,130000,131000,133000,134000,35156,30702,60000,58976.61569977251,73.80189999821596,133787.33520000242,621.8888098759813
1781274406,10000,,Aggregated,93.100000,79.800000,60000,84000,87000,103000,122000,128000,130000,130000,131000,133000,134000,35307,30847,60000,58952.05526497017,73.80189999821596,133787.33520000242,620.4614665647039
1781274407,10000,,Aggregated,104.600000,91.500000,60000,84000,87000,102000,122000,128000,130000,130000,131000,133000,134000,35458,30994,60000,58922.92305747935,73.80189999821596,133787.33520000242,619.1131197473067
1781274408,10000,,Aggregated,114.900000,103.300000,60000,84000,87000,100000,122000,128000,130000,130000,131000,133000,134000,35726,31258,60000,58912.05295063548,73.80189999821596,133787.33520000242,616.2990819011364
1781274412,10000,,Aggregated,178.000000,171.200000,60000,83000,87000,98000,122000,128000,130000,130000,131000,133000,134000,36112,31641,60000,58919.71920095547,73.80189999821596,133787.33520000242,611.5575708905627
1781274413,9999,,Aggregated,161.500000,156.200000,60000,82000,87000,97000,122000,128000,130000,130000,131000,133000,134000,36304,31831,60000,58942.07000006346,73.80189999821596,133787.33520000242,609.3761293521375
